{
    "FID_latent/male2female": 9.999111594228246,
    "FID_latent/female2male": 17.522062672876295,
    "FID_latent/mean": 13.76058713355227
}