{
    "FID_reference/male2female": 19.577474037188505,
    "FID_reference/female2male": 28.18081017350825,
    "FID_reference/mean": 23.87914210534838
}