{
    "FID_reference/male2female": 19.71127487677072,
    "FID_reference/female2male": 27.99007032799395,
    "FID_reference/mean": 23.850672602382335
}