{
    "FID_latent/male2female": 9.97613694937425,
    "FID_latent/female2male": 17.593918863788414,
    "FID_latent/mean": 13.785027906581332
}